{"direction_output_accuracy": [0.9920952320098877, 1.0, 1.0, 1.0, 1.0, 1.0, 1.0, 1.0, 1.0, 1.0], "direction_output_loss": [0.12273514270782471, 0.001281557371839881, 0.0006149228429421782, 0.00040916461148299277, 0.00033358883229084313, 0.00024392710474785417, 0.00018337275832891464, 0.00017366500105708838, 0.00017220534209627658, 0.00013774906983599067], "loss": [0.612861692905426, 0.2965170741081238, 0.2894567847251892, 0.2882176637649536, 0.28653398156166077, 0.2851390242576599, 0.2855175733566284, 0.2845432758331299, 0.2850196361541748, 0.2847384512424469], "steps_output_accuracy": [0.7612380981445312, 0.7903809547424316, 0.8033333420753479, 0.7929523587226868, 0.7942857146263123, 0.7992380857467651, 0.7952380776405334, 0.8026666641235352, 0.7954285740852356, 0.797428548336029], "steps_output_loss": [0.4897787868976593, 0.2945811152458191, 0.28782084584236145, 0.2892410159111023, 0.28566524386405945, 0.28486812114715576, 0.28658899664878845, 0.2854326367378235, 0.2860497236251831, 0.2849648594856262], "val_direction_output_accuracy": [1.0, 1.0, 1.0, 1.0, 1.0, 1.0, 1.0, 1.0, 1.0, 1.0], "val_direction_output_loss": [0.0013506443938240409, 0.00036166320205666125, 0.0001813014823710546, 0.00014670059317722917, 0.00013298029080033302, 8.140961290337145e-05, 6.498746370198205e-05, 6.448497879318893e-05, 5.0461647333577275e-05, 4.847883610636927e-05], "val_loss": [0.28102558851242065, 0.28023824095726013, 0.29565882682800293, 0.28050899505615234, 0.27988356351852417, 0.2876567542552948, 0.2788029909133911, 0.2792021930217743, 0.27706846594810486, 0.27696579694747925], "val_steps_output_accuracy": [0.8051111102104187, 0.800000011920929, 0.8013333082199097, 0.8006666898727417, 0.8004444241523743, 0.8013333082199097, 0.8013333082199097, 0.8004444241523743, 0.8037777543067932, 0.7973333597183228], "val_steps_output_loss": [0.2810884416103363, 0.2818456292152405, 0.2982476055622101, 0.28233906626701355, 0.28148505091667175, 0.28956839442253113, 0.28068840503692627, 0.28084444999694824, 0.2785976529121399, 0.27888011932373047]}