{"accuracy": [0.9899047613143921, 1.0, 1.0, 1.0, 1.0, 1.0, 1.0, 1.0, 1.0, 1.0], "loss": [0.10702577233314514, 0.0003425627073738724, 0.0001408510288456455, 9.065897029358894e-05, 6.210709398146719e-05, 5.0040380301652476e-05, 4.1167393646901473e-05, 3.443874084041454e-05, 2.8940927222720347e-05, 2.558631240390241e-05], "val_accuracy": [1.0, 1.0, 1.0, 1.0, 1.0, 1.0, 1.0, 1.0, 1.0, 1.0], "val_loss": [0.000328310503391549, 7.548842404503375e-05, 3.6867833841824904e-05, 2.369961111980956e-05, 1.7178255802718922e-05, 1.334174976364011e-05, 1.0783772268041503e-05, 8.986192369775381e-06, 7.680304406676441e-06, 6.742052846675506e-06]}